Date,Content,Video title,Video publish time,Duration,Views
2026-05-23,4MxVrwl8tyc,gold stars made kids quit drawing #motivation #workethic #rewards #huberman #podcast #shorts,"Jun 14, 2026",41,0
2026-05-24,4MxVrwl8tyc,gold stars made kids quit drawing #motivation #workethic #rewards #huberman #podcast #shorts,"Jun 14, 2026",41,0
2026-05-25,4MxVrwl8tyc,gold stars made kids quit drawing #motivation #workethic #rewards #huberman #podcast #shorts,"Jun 14, 2026",41,0
2026-05-26,4MxVrwl8tyc,gold stars made kids quit drawing #motivation #workethic #rewards #huberman #podcast #shorts,"Jun 14, 2026",41,0
2026-05-27,4MxVrwl8tyc,gold stars made kids quit drawing #motivation #workethic #rewards #huberman #podcast #shorts,"Jun 14, 2026",41,0
2026-05-28,4MxVrwl8tyc,gold stars made kids quit drawing #motivation #workethic #rewards #huberman #podcast #shorts,"Jun 14, 2026",41,0
2026-05-29,4MxVrwl8tyc,gold stars made kids quit drawing #motivation #workethic #rewards #huberman #podcast #shorts,"Jun 14, 2026",41,0
2026-05-30,4MxVrwl8tyc,gold stars made kids quit drawing #motivation #workethic #rewards #huberman #podcast #shorts,"Jun 14, 2026",41,0
2026-05-31,4MxVrwl8tyc,gold stars made kids quit drawing #motivation #workethic #rewards #huberman #podcast #shorts,"Jun 14, 2026",41,0
2026-06-01,4MxVrwl8tyc,gold stars made kids quit drawing #motivation #workethic #rewards #huberman #podcast #shorts,"Jun 14, 2026",41,0
2026-06-02,4MxVrwl8tyc,gold stars made kids quit drawing #motivation #workethic #rewards #huberman #podcast #shorts,"Jun 14, 2026",41,0
2026-06-03,4MxVrwl8tyc,gold stars made kids quit drawing #motivation #workethic #rewards #huberman #podcast #shorts,"Jun 14, 2026",41,0
2026-06-04,4MxVrwl8tyc,gold stars made kids quit drawing #motivation #workethic #rewards #huberman #podcast #shorts,"Jun 14, 2026",41,0
2026-06-05,4MxVrwl8tyc,gold stars made kids quit drawing #motivation #workethic #rewards #huberman #podcast #shorts,"Jun 14, 2026",41,0
2026-06-06,4MxVrwl8tyc,gold stars made kids quit drawing #motivation #workethic #rewards #huberman #podcast #shorts,"Jun 14, 2026",41,0
2026-06-07,4MxVrwl8tyc,gold stars made kids quit drawing #motivation #workethic #rewards #huberman #podcast #shorts,"Jun 14, 2026",41,0
2026-06-08,4MxVrwl8tyc,gold stars made kids quit drawing #motivation #workethic #rewards #huberman #podcast #shorts,"Jun 14, 2026",41,0
2026-06-09,4MxVrwl8tyc,gold stars made kids quit drawing #motivation #workethic #rewards #huberman #podcast #shorts,"Jun 14, 2026",41,0
2026-06-10,4MxVrwl8tyc,gold stars made kids quit drawing #motivation #workethic #rewards #huberman #podcast #shorts,"Jun 14, 2026",41,0
2026-06-11,4MxVrwl8tyc,gold stars made kids quit drawing #motivation #workethic #rewards #huberman #podcast #shorts,"Jun 14, 2026",41,0
2026-06-12,4MxVrwl8tyc,gold stars made kids quit drawing #motivation #workethic #rewards #huberman #podcast #shorts,"Jun 14, 2026",41,0
2026-06-13,4MxVrwl8tyc,gold stars made kids quit drawing #motivation #workethic #rewards #huberman #podcast #shorts,"Jun 14, 2026",41,0
2026-06-14,4MxVrwl8tyc,gold stars made kids quit drawing #motivation #workethic #rewards #huberman #podcast #shorts,"Jun 14, 2026",41,1157
2026-06-15,4MxVrwl8tyc,gold stars made kids quit drawing #motivation #workethic #rewards #huberman #podcast #shorts,"Jun 14, 2026",41,58
2026-06-16,4MxVrwl8tyc,gold stars made kids quit drawing #motivation #workethic #rewards #huberman #podcast #shorts,"Jun 14, 2026",41,39
2026-06-17,4MxVrwl8tyc,gold stars made kids quit drawing #motivation #workethic #rewards #huberman #podcast #shorts,"Jun 14, 2026",41,58
2026-06-18,4MxVrwl8tyc,gold stars made kids quit drawing #motivation #workethic #rewards #huberman #podcast #shorts,"Jun 14, 2026",41,16
2026-06-19,4MxVrwl8tyc,gold stars made kids quit drawing #motivation #workethic #rewards #huberman #podcast #shorts,"Jun 14, 2026",41,0
2026-05-23,Ro0PaT8bdjg,caseoh's card declined buying dollar store noodles #shorts #motivation #podcast #shorts #edit,"Jun 19, 2026",31,0
2026-05-24,Ro0PaT8bdjg,caseoh's card declined buying dollar store noodles #shorts #motivation #podcast #shorts #edit,"Jun 19, 2026",31,0
2026-05-25,Ro0PaT8bdjg,caseoh's card declined buying dollar store noodles #shorts #motivation #podcast #shorts #edit,"Jun 19, 2026",31,0
2026-05-26,Ro0PaT8bdjg,caseoh's card declined buying dollar store noodles #shorts #motivation #podcast #shorts #edit,"Jun 19, 2026",31,0
2026-05-27,Ro0PaT8bdjg,caseoh's card declined buying dollar store noodles #shorts #motivation #podcast #shorts #edit,"Jun 19, 2026",31,0
2026-05-28,Ro0PaT8bdjg,caseoh's card declined buying dollar store noodles #shorts #motivation #podcast #shorts #edit,"Jun 19, 2026",31,0
2026-05-29,Ro0PaT8bdjg,caseoh's card declined buying dollar store noodles #shorts #motivation #podcast #shorts #edit,"Jun 19, 2026",31,0
2026-05-30,Ro0PaT8bdjg,caseoh's card declined buying dollar store noodles #shorts #motivation #podcast #shorts #edit,"Jun 19, 2026",31,0
2026-05-31,Ro0PaT8bdjg,caseoh's card declined buying dollar store noodles #shorts #motivation #podcast #shorts #edit,"Jun 19, 2026",31,0
2026-06-01,Ro0PaT8bdjg,caseoh's card declined buying dollar store noodles #shorts #motivation #podcast #shorts #edit,"Jun 19, 2026",31,0
2026-06-02,Ro0PaT8bdjg,caseoh's card declined buying dollar store noodles #shorts #motivation #podcast #shorts #edit,"Jun 19, 2026",31,0
2026-06-03,Ro0PaT8bdjg,caseoh's card declined buying dollar store noodles #shorts #motivation #podcast #shorts #edit,"Jun 19, 2026",31,0
2026-06-04,Ro0PaT8bdjg,caseoh's card declined buying dollar store noodles #shorts #motivation #podcast #shorts #edit,"Jun 19, 2026",31,0
2026-06-05,Ro0PaT8bdjg,caseoh's card declined buying dollar store noodles #shorts #motivation #podcast #shorts #edit,"Jun 19, 2026",31,0
2026-06-06,Ro0PaT8bdjg,caseoh's card declined buying dollar store noodles #shorts #motivation #podcast #shorts #edit,"Jun 19, 2026",31,0
2026-06-07,Ro0PaT8bdjg,caseoh's card declined buying dollar store noodles #shorts #motivation #podcast #shorts #edit,"Jun 19, 2026",31,0
2026-06-08,Ro0PaT8bdjg,caseoh's card declined buying dollar store noodles #shorts #motivation #podcast #shorts #edit,"Jun 19, 2026",31,0
2026-06-09,Ro0PaT8bdjg,caseoh's card declined buying dollar store noodles #shorts #motivation #podcast #shorts #edit,"Jun 19, 2026",31,0
2026-06-10,Ro0PaT8bdjg,caseoh's card declined buying dollar store noodles #shorts #motivation #podcast #shorts #edit,"Jun 19, 2026",31,0
2026-06-11,Ro0PaT8bdjg,caseoh's card declined buying dollar store noodles #shorts #motivation #podcast #shorts #edit,"Jun 19, 2026",31,0
2026-06-12,Ro0PaT8bdjg,caseoh's card declined buying dollar store noodles #shorts #motivation #podcast #shorts #edit,"Jun 19, 2026",31,0
2026-06-13,Ro0PaT8bdjg,caseoh's card declined buying dollar store noodles #shorts #motivation #podcast #shorts #edit,"Jun 19, 2026",31,0
2026-06-14,Ro0PaT8bdjg,caseoh's card declined buying dollar store noodles #shorts #motivation #podcast #shorts #edit,"Jun 19, 2026",31,0
2026-06-15,Ro0PaT8bdjg,caseoh's card declined buying dollar store noodles #shorts #motivation #podcast #shorts #edit,"Jun 19, 2026",31,0
2026-06-16,Ro0PaT8bdjg,caseoh's card declined buying dollar store noodles #shorts #motivation #podcast #shorts #edit,"Jun 19, 2026",31,0
2026-06-17,Ro0PaT8bdjg,caseoh's card declined buying dollar store noodles #shorts #motivation #podcast #shorts #edit,"Jun 19, 2026",31,0
2026-06-18,Ro0PaT8bdjg,caseoh's card declined buying dollar store noodles #shorts #motivation #podcast #shorts #edit,"Jun 19, 2026",31,1239
2026-06-19,Ro0PaT8bdjg,caseoh's card declined buying dollar store noodles #shorts #motivation #podcast #shorts #edit,"Jun 19, 2026",31,24
2026-05-23,c0s9OFF1upA,earth may hold the galaxy's only meaning #podcast #joerogan #space #universe #life,"Jun 17, 2026",39,0
2026-05-24,c0s9OFF1upA,earth may hold the galaxy's only meaning #podcast #joerogan #space #universe #life,"Jun 17, 2026",39,0
2026-05-25,c0s9OFF1upA,earth may hold the galaxy's only meaning #podcast #joerogan #space #universe #life,"Jun 17, 2026",39,0
2026-05-26,c0s9OFF1upA,earth may hold the galaxy's only meaning #podcast #joerogan #space #universe #life,"Jun 17, 2026",39,0
2026-05-27,c0s9OFF1upA,earth may hold the galaxy's only meaning #podcast #joerogan #space #universe #life,"Jun 17, 2026",39,0
2026-05-28,c0s9OFF1upA,earth may hold the galaxy's only meaning #podcast #joerogan #space #universe #life,"Jun 17, 2026",39,0
2026-05-29,c0s9OFF1upA,earth may hold the galaxy's only meaning #podcast #joerogan #space #universe #life,"Jun 17, 2026",39,0
2026-05-30,c0s9OFF1upA,earth may hold the galaxy's only meaning #podcast #joerogan #space #universe #life,"Jun 17, 2026",39,0
2026-05-31,c0s9OFF1upA,earth may hold the galaxy's only meaning #podcast #joerogan #space #universe #life,"Jun 17, 2026",39,0
2026-06-01,c0s9OFF1upA,earth may hold the galaxy's only meaning #podcast #joerogan #space #universe #life,"Jun 17, 2026",39,0
2026-06-02,c0s9OFF1upA,earth may hold the galaxy's only meaning #podcast #joerogan #space #universe #life,"Jun 17, 2026",39,0
2026-06-03,c0s9OFF1upA,earth may hold the galaxy's only meaning #podcast #joerogan #space #universe #life,"Jun 17, 2026",39,0
2026-06-04,c0s9OFF1upA,earth may hold the galaxy's only meaning #podcast #joerogan #space #universe #life,"Jun 17, 2026",39,0
2026-06-05,c0s9OFF1upA,earth may hold the galaxy's only meaning #podcast #joerogan #space #universe #life,"Jun 17, 2026",39,0
2026-06-06,c0s9OFF1upA,earth may hold the galaxy's only meaning #podcast #joerogan #space #universe #life,"Jun 17, 2026",39,0
2026-06-07,c0s9OFF1upA,earth may hold the galaxy's only meaning #podcast #joerogan #space #universe #life,"Jun 17, 2026",39,0
2026-06-08,c0s9OFF1upA,earth may hold the galaxy's only meaning #podcast #joerogan #space #universe #life,"Jun 17, 2026",39,0
2026-06-09,c0s9OFF1upA,earth may hold the galaxy's only meaning #podcast #joerogan #space #universe #life,"Jun 17, 2026",39,0
2026-06-10,c0s9OFF1upA,earth may hold the galaxy's only meaning #podcast #joerogan #space #universe #life,"Jun 17, 2026",39,0
2026-06-11,c0s9OFF1upA,earth may hold the galaxy's only meaning #podcast #joerogan #space #universe #life,"Jun 17, 2026",39,0
2026-06-12,c0s9OFF1upA,earth may hold the galaxy's only meaning #podcast #joerogan #space #universe #life,"Jun 17, 2026",39,0
2026-06-13,c0s9OFF1upA,earth may hold the galaxy's only meaning #podcast #joerogan #space #universe #life,"Jun 17, 2026",39,0
2026-06-14,c0s9OFF1upA,earth may hold the galaxy's only meaning #podcast #joerogan #space #universe #life,"Jun 17, 2026",39,0
2026-06-15,c0s9OFF1upA,earth may hold the galaxy's only meaning #podcast #joerogan #space #universe #life,"Jun 17, 2026",39,0
2026-06-16,c0s9OFF1upA,earth may hold the galaxy's only meaning #podcast #joerogan #space #universe #life,"Jun 17, 2026",39,0
2026-06-17,c0s9OFF1upA,earth may hold the galaxy's only meaning #podcast #joerogan #space #universe #life,"Jun 17, 2026",39,1244
2026-06-18,c0s9OFF1upA,earth may hold the galaxy's only meaning #podcast #joerogan #space #universe #life,"Jun 17, 2026",39,332
2026-06-19,c0s9OFF1upA,earth may hold the galaxy's only meaning #podcast #joerogan #space #universe #life,"Jun 17, 2026",39,258
2026-05-23,cuAwhxTDi3w,how mrbeast got his name   #theovon #mrbeast  #funny #youdontknow,"Jun 12, 2026",44,0
2026-05-24,cuAwhxTDi3w,how mrbeast got his name   #theovon #mrbeast  #funny #youdontknow,"Jun 12, 2026",44,0
2026-05-25,cuAwhxTDi3w,how mrbeast got his name   #theovon #mrbeast  #funny #youdontknow,"Jun 12, 2026",44,0
2026-05-26,cuAwhxTDi3w,how mrbeast got his name   #theovon #mrbeast  #funny #youdontknow,"Jun 12, 2026",44,0
2026-05-27,cuAwhxTDi3w,how mrbeast got his name   #theovon #mrbeast  #funny #youdontknow,"Jun 12, 2026",44,0
2026-05-28,cuAwhxTDi3w,how mrbeast got his name   #theovon #mrbeast  #funny #youdontknow,"Jun 12, 2026",44,0
2026-05-29,cuAwhxTDi3w,how mrbeast got his name   #theovon #mrbeast  #funny #youdontknow,"Jun 12, 2026",44,0
2026-05-30,cuAwhxTDi3w,how mrbeast got his name   #theovon #mrbeast  #funny #youdontknow,"Jun 12, 2026",44,0
2026-05-31,cuAwhxTDi3w,how mrbeast got his name   #theovon #mrbeast  #funny #youdontknow,"Jun 12, 2026",44,0
2026-06-01,cuAwhxTDi3w,how mrbeast got his name   #theovon #mrbeast  #funny #youdontknow,"Jun 12, 2026",44,0
2026-06-02,cuAwhxTDi3w,how mrbeast got his name   #theovon #mrbeast  #funny #youdontknow,"Jun 12, 2026",44,0
2026-06-03,cuAwhxTDi3w,how mrbeast got his name   #theovon #mrbeast  #funny #youdontknow,"Jun 12, 2026",44,0
2026-06-04,cuAwhxTDi3w,how mrbeast got his name   #theovon #mrbeast  #funny #youdontknow,"Jun 12, 2026",44,0
2026-06-05,cuAwhxTDi3w,how mrbeast got his name   #theovon #mrbeast  #funny #youdontknow,"Jun 12, 2026",44,0
2026-06-06,cuAwhxTDi3w,how mrbeast got his name   #theovon #mrbeast  #funny #youdontknow,"Jun 12, 2026",44,0
2026-06-07,cuAwhxTDi3w,how mrbeast got his name   #theovon #mrbeast  #funny #youdontknow,"Jun 12, 2026",44,0
2026-06-08,cuAwhxTDi3w,how mrbeast got his name   #theovon #mrbeast  #funny #youdontknow,"Jun 12, 2026",44,0
2026-06-09,cuAwhxTDi3w,how mrbeast got his name   #theovon #mrbeast  #funny #youdontknow,"Jun 12, 2026",44,0
2026-06-10,cuAwhxTDi3w,how mrbeast got his name   #theovon #mrbeast  #funny #youdontknow,"Jun 12, 2026",44,0
2026-06-11,cuAwhxTDi3w,how mrbeast got his name   #theovon #mrbeast  #funny #youdontknow,"Jun 12, 2026",44,744
2026-06-12,cuAwhxTDi3w,how mrbeast got his name   #theovon #mrbeast  #funny #youdontknow,"Jun 12, 2026",44,686
2026-06-13,cuAwhxTDi3w,how mrbeast got his name   #theovon #mrbeast  #funny #youdontknow,"Jun 12, 2026",44,22
2026-06-14,cuAwhxTDi3w,how mrbeast got his name   #theovon #mrbeast  #funny #youdontknow,"Jun 12, 2026",44,18
2026-06-15,cuAwhxTDi3w,how mrbeast got his name   #theovon #mrbeast  #funny #youdontknow,"Jun 12, 2026",44,16
2026-06-16,cuAwhxTDi3w,how mrbeast got his name   #theovon #mrbeast  #funny #youdontknow,"Jun 12, 2026",44,3
2026-06-17,cuAwhxTDi3w,how mrbeast got his name   #theovon #mrbeast  #funny #youdontknow,"Jun 12, 2026",44,1
2026-06-18,cuAwhxTDi3w,how mrbeast got his name   #theovon #mrbeast  #funny #youdontknow,"Jun 12, 2026",44,0
2026-06-19,cuAwhxTDi3w,how mrbeast got his name   #theovon #mrbeast  #funny #youdontknow,"Jun 12, 2026",44,1
2026-05-23,hrN7VrbZNFE,the one thing chatgpt could not build,"May 28, 2026",20,0
2026-05-24,hrN7VrbZNFE,the one thing chatgpt could not build,"May 28, 2026",20,0
2026-05-25,hrN7VrbZNFE,the one thing chatgpt could not build,"May 28, 2026",20,0
2026-05-26,hrN7VrbZNFE,the one thing chatgpt could not build,"May 28, 2026",20,0
2026-05-27,hrN7VrbZNFE,the one thing chatgpt could not build,"May 28, 2026",20,0
2026-05-28,hrN7VrbZNFE,the one thing chatgpt could not build,"May 28, 2026",20,224
2026-05-29,hrN7VrbZNFE,the one thing chatgpt could not build,"May 28, 2026",20,1378
2026-05-30,hrN7VrbZNFE,the one thing chatgpt could not build,"May 28, 2026",20,8
2026-05-31,hrN7VrbZNFE,the one thing chatgpt could not build,"May 28, 2026",20,0
2026-06-01,hrN7VrbZNFE,the one thing chatgpt could not build,"May 28, 2026",20,0
2026-06-02,hrN7VrbZNFE,the one thing chatgpt could not build,"May 28, 2026",20,0
2026-06-03,hrN7VrbZNFE,the one thing chatgpt could not build,"May 28, 2026",20,0
2026-06-04,hrN7VrbZNFE,the one thing chatgpt could not build,"May 28, 2026",20,0
2026-06-05,hrN7VrbZNFE,the one thing chatgpt could not build,"May 28, 2026",20,0
2026-06-06,hrN7VrbZNFE,the one thing chatgpt could not build,"May 28, 2026",20,0
2026-06-07,hrN7VrbZNFE,the one thing chatgpt could not build,"May 28, 2026",20,0
2026-06-08,hrN7VrbZNFE,the one thing chatgpt could not build,"May 28, 2026",20,0
2026-06-09,hrN7VrbZNFE,the one thing chatgpt could not build,"May 28, 2026",20,0
2026-06-10,hrN7VrbZNFE,the one thing chatgpt could not build,"May 28, 2026",20,2
2026-06-11,hrN7VrbZNFE,the one thing chatgpt could not build,"May 28, 2026",20,0
2026-06-12,hrN7VrbZNFE,the one thing chatgpt could not build,"May 28, 2026",20,0
2026-06-13,hrN7VrbZNFE,the one thing chatgpt could not build,"May 28, 2026",20,0
2026-06-14,hrN7VrbZNFE,the one thing chatgpt could not build,"May 28, 2026",20,0
2026-06-15,hrN7VrbZNFE,the one thing chatgpt could not build,"May 28, 2026",20,0
2026-06-16,hrN7VrbZNFE,the one thing chatgpt could not build,"May 28, 2026",20,0
2026-06-17,hrN7VrbZNFE,the one thing chatgpt could not build,"May 28, 2026",20,0
2026-06-18,hrN7VrbZNFE,the one thing chatgpt could not build,"May 28, 2026",20,0
2026-06-19,hrN7VrbZNFE,the one thing chatgpt could not build,"May 28, 2026",20,3
